Applicable At,Applicable For,Data Item,Value,Generated Time,Quality Indicator
30/09/2024 01:00:00,30/09/2024,"System Entry Volume, Easington-Langeled, D+1",51.67,01/10/2024 12:01:01,L
29/09/2024 01:00:00,29/09/2024,"System Entry Volume, Easington-Langeled, D+1",55.43,30/09/2024 12:01:00,L
28/09/2024 01:00:00,28/09/2024,"System Entry Volume, Easington-Langeled, D+1",56.95,29/09/2024 12:01:00,L
27/09/2024 01:00:00,27/09/2024,"System Entry Volume, Easington-Langeled, D+1",59.65,28/09/2024 12:01:01,L
26/09/2024 01:00:00,26/09/2024,"System Entry Volume, Easington-Langeled, D+1",52.02,27/09/2024 12:01:00,L
25/09/2024 01:00:00,25/09/2024,"System Entry Volume, Easington-Langeled, D+1",46.51,26/09/2024 12:01:01,L
24/09/2024 01:00:00,24/09/2024,"System Entry Volume, Easington-Langeled, D+1",69.5,25/09/2024 12:01:01,L
23/09/2024 01:00:00,23/09/2024,"System Entry Volume, Easington-Langeled, D+1",61.72,24/09/2024 12:01:01,L
22/09/2024 01:00:00,22/09/2024,"System Entry Volume, Easington-Langeled, D+1",55.7,23/09/2024 12:01:00,L
21/09/2024 01:00:00,21/09/2024,"System Entry Volume, Easington-Langeled, D+1",52.77,22/09/2024 12:01:01,L
20/09/2024 01:00:00,20/09/2024,"System Entry Volume, Easington-Langeled, D+1",33.76,21/09/2024 12:01:01,L
19/09/2024 01:00:00,19/09/2024,"System Entry Volume, Easington-Langeled, D+1",55.57,20/09/2024 14:01:00,L
18/09/2024 01:00:00,18/09/2024,"System Entry Volume, Easington-Langeled, D+1",68.88,19/09/2024 12:01:00,L
17/09/2024 01:00:00,17/09/2024,"System Entry Volume, Easington-Langeled, D+1",44.67,18/09/2024 12:01:00,L
16/09/2024 01:00:00,16/09/2024,"System Entry Volume, Easington-Langeled, D+1",22.32,17/09/2024 12:01:00,L
15/09/2024 01:00:00,15/09/2024,"System Entry Volume, Easington-Langeled, D+1",.002,16/09/2024 12:01:01,L
14/09/2024 01:00:00,14/09/2024,"System Entry Volume, Easington-Langeled, D+1",0,15/09/2024 12:01:00,L
13/09/2024 01:00:00,13/09/2024,"System Entry Volume, Easington-Langeled, D+1",0,14/09/2024 12:01:01,L
12/09/2024 01:00:00,12/09/2024,"System Entry Volume, Easington-Langeled, D+1",0,13/09/2024 12:01:01,L
11/09/2024 01:00:00,11/09/2024,"System Entry Volume, Easington-Langeled, D+1",0,12/09/2024 12:01:01,L
10/09/2024 01:00:00,10/09/2024,"System Entry Volume, Easington-Langeled, D+1",0,11/09/2024 12:01:01,L
09/09/2024 01:00:00,09/09/2024,"System Entry Volume, Easington-Langeled, D+1",0,10/09/2024 12:01:00,L
08/09/2024 01:00:00,08/09/2024,"System Entry Volume, Easington-Langeled, D+1",0,09/09/2024 12:01:01,L
07/09/2024 01:00:00,07/09/2024,"System Entry Volume, Easington-Langeled, D+1",0,08/09/2024 12:01:00,L
06/09/2024 01:00:00,06/09/2024,"System Entry Volume, Easington-Langeled, D+1",0,07/09/2024 12:01:00,L
05/09/2024 01:00:00,05/09/2024,"System Entry Volume, Easington-Langeled, D+1",0,06/09/2024 14:01:00,A
04/09/2024 01:00:00,04/09/2024,"System Entry Volume, Easington-Langeled, D+1",.0016,05/09/2024 12:01:00,L
03/09/2024 01:00:00,03/09/2024,"System Entry Volume, Easington-Langeled, D+1",0,04/09/2024 14:01:01,A
02/09/2024 01:00:00,02/09/2024,"System Entry Volume, Easington-Langeled, D+1",.0001,03/09/2024 16:01:00,A
01/09/2024 01:00:00,01/09/2024,"System Entry Volume, Easington-Langeled, D+1",61.57,02/09/2024 12:01:00,L
31/08/2024 01:00:00,31/08/2024,"System Entry Volume, Easington-Langeled, D+1",58.43,01/09/2024 12:01:00,L
30/08/2024 01:00:00,30/08/2024,"System Entry Volume, Easington-Langeled, D+1",47.79,31/08/2024 12:01:00,L
29/08/2024 01:00:00,29/08/2024,"System Entry Volume, Easington-Langeled, D+1",52.34,30/08/2024 12:01:01,L
28/08/2024 01:00:00,28/08/2024,"System Entry Volume, Easington-Langeled, D+1",55.74,29/08/2024 12:01:01,L
27/08/2024 01:00:00,27/08/2024,"System Entry Volume, Easington-Langeled, D+1",61.31,28/08/2024 12:01:00,L
26/08/2024 01:00:00,26/08/2024,"System Entry Volume, Easington-Langeled, D+1",56.26,27/08/2024 12:01:01,L
25/08/2024 01:00:00,25/08/2024,"System Entry Volume, Easington-Langeled, D+1",57.41,26/08/2024 12:01:00,L
24/08/2024 01:00:00,24/08/2024,"System Entry Volume, Easington-Langeled, D+1",57.41,25/08/2024 12:01:00,L
23/08/2024 01:00:00,23/08/2024,"System Entry Volume, Easington-Langeled, D+1",54.65,24/08/2024 12:01:01,L
22/08/2024 01:00:00,22/08/2024,"System Entry Volume, Easington-Langeled, D+1",52.76,23/08/2024 12:01:00,L
21/08/2024 01:00:00,21/08/2024,"System Entry Volume, Easington-Langeled, D+1",54.7,22/08/2024 12:01:01,L
20/08/2024 01:00:00,20/08/2024,"System Entry Volume, Easington-Langeled, D+1",55.83,27/08/2024 17:22:01,L
19/08/2024 01:00:00,19/08/2024,"System Entry Volume, Easington-Langeled, D+1",50.19,20/08/2024 12:01:01,L
18/08/2024 01:00:00,18/08/2024,"System Entry Volume, Easington-Langeled, D+1",56.17,19/08/2024 12:01:00,L
17/08/2024 01:00:00,17/08/2024,"System Entry Volume, Easington-Langeled, D+1",55.12,18/08/2024 12:01:01,L
16/08/2024 01:00:00,16/08/2024,"System Entry Volume, Easington-Langeled, D+1",65.64,17/08/2024 12:01:00,L
15/08/2024 01:00:00,15/08/2024,"System Entry Volume, Easington-Langeled, D+1",68.55,16/08/2024 12:01:00,L
14/08/2024 01:00:00,14/08/2024,"System Entry Volume, Easington-Langeled, D+1",65.34,15/08/2024 12:01:00,L
13/08/2024 01:00:00,13/08/2024,"System Entry Volume, Easington-Langeled, D+1",63.87,14/08/2024 13:01:00,L
12/08/2024 01:00:00,12/08/2024,"System Entry Volume, Easington-Langeled, D+1",64.78,13/08/2024 12:01:00,L
11/08/2024 01:00:00,11/08/2024,"System Entry Volume, Easington-Langeled, D+1",65.88,12/08/2024 12:01:00,L
10/08/2024 01:00:00,10/08/2024,"System Entry Volume, Easington-Langeled, D+1",59.26,11/08/2024 12:01:01,L
09/08/2024 01:00:00,09/08/2024,"System Entry Volume, Easington-Langeled, D+1",73.11,10/08/2024 12:01:00,L
08/08/2024 01:00:00,08/08/2024,"System Entry Volume, Easington-Langeled, D+1",74.25,09/08/2024 12:01:00,L
07/08/2024 01:00:00,07/08/2024,"System Entry Volume, Easington-Langeled, D+1",74.21,08/08/2024 12:01:00,L
06/08/2024 01:00:00,06/08/2024,"System Entry Volume, Easington-Langeled, D+1",73.46,07/08/2024 12:01:01,L
05/08/2024 01:00:00,05/08/2024,"System Entry Volume, Easington-Langeled, D+1",74,06/08/2024 12:01:00,L
04/08/2024 01:00:00,04/08/2024,"System Entry Volume, Easington-Langeled, D+1",74.43,05/08/2024 12:01:01,L
03/08/2024 01:00:00,03/08/2024,"System Entry Volume, Easington-Langeled, D+1",73.53,04/08/2024 12:01:00,L
02/08/2024 01:00:00,02/08/2024,"System Entry Volume, Easington-Langeled, D+1",72.23,03/08/2024 12:01:00,L
01/08/2024 01:00:00,01/08/2024,"System Entry Volume, Easington-Langeled, D+1",73.05,02/08/2024 12:01:00,L
31/07/2024 01:00:00,31/07/2024,"System Entry Volume, Easington-Langeled, D+1",73.5,01/08/2024 12:01:00,L
30/07/2024 01:00:00,30/07/2024,"System Entry Volume, Easington-Langeled, D+1",74.34,31/07/2024 12:01:01,L
29/07/2024 01:00:00,29/07/2024,"System Entry Volume, Easington-Langeled, D+1",73.35,30/07/2024 12:01:01,L
28/07/2024 01:00:00,28/07/2024,"System Entry Volume, Easington-Langeled, D+1",73.88,29/07/2024 12:01:00,L
27/07/2024 01:00:00,27/07/2024,"System Entry Volume, Easington-Langeled, D+1",71.87,28/07/2024 12:01:01,L
26/07/2024 01:00:00,26/07/2024,"System Entry Volume, Easington-Langeled, D+1",73.55,27/07/2024 12:01:01,L
25/07/2024 01:00:00,25/07/2024,"System Entry Volume, Easington-Langeled, D+1",73.85,26/07/2024 12:01:01,L
24/07/2024 01:00:00,24/07/2024,"System Entry Volume, Easington-Langeled, D+1",73.75,25/07/2024 12:01:00,L
23/07/2024 01:00:00,23/07/2024,"System Entry Volume, Easington-Langeled, D+1",72.55,24/07/2024 12:01:00,L
22/07/2024 01:00:00,22/07/2024,"System Entry Volume, Easington-Langeled, D+1",68.47,23/07/2024 12:01:01,L
21/07/2024 01:00:00,21/07/2024,"System Entry Volume, Easington-Langeled, D+1",62.65,22/07/2024 12:01:00,L
20/07/2024 01:00:00,20/07/2024,"System Entry Volume, Easington-Langeled, D+1",59.69,21/07/2024 12:01:00,L
19/07/2024 01:00:00,19/07/2024,"System Entry Volume, Easington-Langeled, D+1",64.73,20/07/2024 12:01:01,L
18/07/2024 01:00:00,18/07/2024,"System Entry Volume, Easington-Langeled, D+1",71.37,19/07/2024 12:01:00,L
17/07/2024 01:00:00,17/07/2024,"System Entry Volume, Easington-Langeled, D+1",66.68,18/07/2024 12:01:01,L
16/07/2024 01:00:00,16/07/2024,"System Entry Volume, Easington-Langeled, D+1",67.19,17/07/2024 12:01:01,L
15/07/2024 01:00:00,15/07/2024,"System Entry Volume, Easington-Langeled, D+1",67.04,16/07/2024 12:01:00,L
14/07/2024 01:00:00,14/07/2024,"System Entry Volume, Easington-Langeled, D+1",74.13,15/07/2024 12:01:01,L
13/07/2024 01:00:00,13/07/2024,"System Entry Volume, Easington-Langeled, D+1",58.59,14/07/2024 12:01:01,L
12/07/2024 01:00:00,12/07/2024,"System Entry Volume, Easington-Langeled, D+1",69.26,13/07/2024 12:01:01,L
11/07/2024 01:00:00,11/07/2024,"System Entry Volume, Easington-Langeled, D+1",70.35,12/07/2024 12:01:00,L
10/07/2024 01:00:00,10/07/2024,"System Entry Volume, Easington-Langeled, D+1",65.31,11/07/2024 12:01:00,L
09/07/2024 01:00:00,09/07/2024,"System Entry Volume, Easington-Langeled, D+1",68.96,10/07/2024 12:01:01,L
08/07/2024 01:00:00,08/07/2024,"System Entry Volume, Easington-Langeled, D+1",69.64,09/07/2024 12:01:01,L
07/07/2024 01:00:00,07/07/2024,"System Entry Volume, Easington-Langeled, D+1",69.99,08/07/2024 12:01:01,L
06/07/2024 01:00:00,06/07/2024,"System Entry Volume, Easington-Langeled, D+1",66.49,07/07/2024 12:01:01,L
05/07/2024 01:00:00,05/07/2024,"System Entry Volume, Easington-Langeled, D+1",51.64,06/07/2024 12:01:01,L
04/07/2024 01:00:00,04/07/2024,"System Entry Volume, Easington-Langeled, D+1",52.66,05/07/2024 12:01:00,L
03/07/2024 01:00:00,03/07/2024,"System Entry Volume, Easington-Langeled, D+1",54.43,04/07/2024 12:01:01,L
02/07/2024 01:00:00,02/07/2024,"System Entry Volume, Easington-Langeled, D+1",51.17,03/07/2024 12:01:00,L
01/07/2024 01:00:00,01/07/2024,"System Entry Volume, Easington-Langeled, D+1",50.85,02/07/2024 12:01:01,L
30/06/2024 01:00:00,30/06/2024,"System Entry Volume, Easington-Langeled, D+1",51.04,01/07/2024 15:33:00,L
29/06/2024 01:00:00,29/06/2024,"System Entry Volume, Easington-Langeled, D+1",51.23,30/06/2024 12:01:01,L
28/06/2024 01:00:00,28/06/2024,"System Entry Volume, Easington-Langeled, D+1",56.77,01/07/2024 19:02:01,L
27/06/2024 01:00:00,27/06/2024,"System Entry Volume, Easington-Langeled, D+1",60.48,28/06/2024 12:01:00,L
26/06/2024 01:00:00,26/06/2024,"System Entry Volume, Easington-Langeled, D+1",64.83,27/06/2024 12:01:01,L
25/06/2024 01:00:00,25/06/2024,"System Entry Volume, Easington-Langeled, D+1",60.46,26/06/2024 12:01:00,L
24/06/2024 01:00:00,24/06/2024,"System Entry Volume, Easington-Langeled, D+1",50.12,25/06/2024 12:01:00,L
23/06/2024 01:00:00,23/06/2024,"System Entry Volume, Easington-Langeled, D+1",49.18000,08/07/2024 11:36:01,L
22/06/2024 01:00:00,22/06/2024,"System Entry Volume, Easington-Langeled, D+1",52.1,23/06/2024 12:01:01,L
21/06/2024 01:00:00,21/06/2024,"System Entry Volume, Easington-Langeled, D+1",53.06,22/06/2024 12:01:00,L
20/06/2024 01:00:00,20/06/2024,"System Entry Volume, Easington-Langeled, D+1",60.04,21/06/2024 12:01:01,L
19/06/2024 01:00:00,19/06/2024,"System Entry Volume, Easington-Langeled, D+1",59.09,20/06/2024 12:01:00,L
18/06/2024 01:00:00,18/06/2024,"System Entry Volume, Easington-Langeled, D+1",49.97,19/06/2024 12:01:01,L
17/06/2024 01:00:00,17/06/2024,"System Entry Volume, Easington-Langeled, D+1",59.59,18/06/2024 12:01:00,L
16/06/2024 01:00:00,16/06/2024,"System Entry Volume, Easington-Langeled, D+1",59.54,17/06/2024 12:01:00,L
15/06/2024 01:00:00,15/06/2024,"System Entry Volume, Easington-Langeled, D+1",64.57,16/06/2024 12:01:00,L
14/06/2024 01:00:00,14/06/2024,"System Entry Volume, Easington-Langeled, D+1",61.97,15/06/2024 12:01:01,L
13/06/2024 01:00:00,13/06/2024,"System Entry Volume, Easington-Langeled, D+1",58.36,14/06/2024 12:01:00,L
12/06/2024 01:00:00,12/06/2024,"System Entry Volume, Easington-Langeled, D+1",64.89,13/06/2024 12:01:01,L
11/06/2024 01:00:00,11/06/2024,"System Entry Volume, Easington-Langeled, D+1",63.11,12/06/2024 12:01:01,L
10/06/2024 01:00:00,10/06/2024,"System Entry Volume, Easington-Langeled, D+1",62.56,11/06/2024 12:01:01,L
09/06/2024 01:00:00,09/06/2024,"System Entry Volume, Easington-Langeled, D+1",61.07,10/06/2024 12:01:00,L
08/06/2024 01:00:00,08/06/2024,"System Entry Volume, Easington-Langeled, D+1",52.09,09/06/2024 12:01:00,L
07/06/2024 01:00:00,07/06/2024,"System Entry Volume, Easington-Langeled, D+1",36.48,08/06/2024 12:01:00,L
06/06/2024 01:00:00,06/06/2024,"System Entry Volume, Easington-Langeled, D+1",2.18,07/06/2024 12:01:00,L
05/06/2024 01:00:00,05/06/2024,"System Entry Volume, Easington-Langeled, D+1",0,06/06/2024 12:01:00,L
04/06/2024 01:00:00,04/06/2024,"System Entry Volume, Easington-Langeled, D+1",0,05/06/2024 12:01:00,L
03/06/2024 01:00:00,03/06/2024,"System Entry Volume, Easington-Langeled, D+1",0,04/06/2024 12:01:01,L
02/06/2024 01:00:00,02/06/2024,"System Entry Volume, Easington-Langeled, D+1",17.4,03/06/2024 12:01:01,L
01/06/2024 01:00:00,01/06/2024,"System Entry Volume, Easington-Langeled, D+1",39.65,02/06/2024 12:01:00,L
31/05/2024 01:00:00,31/05/2024,"System Entry Volume, Easington-Langeled, D+1",42.57,01/06/2024 12:01:01,L
30/05/2024 01:00:00,30/05/2024,"System Entry Volume, Easington-Langeled, D+1",46.96,31/05/2024 12:01:01,L
29/05/2024 01:00:00,29/05/2024,"System Entry Volume, Easington-Langeled, D+1",16.34,30/05/2024 12:01:01,L
28/05/2024 01:00:00,28/05/2024,"System Entry Volume, Easington-Langeled, D+1",22.28,29/05/2024 12:01:00,L
27/05/2024 01:00:00,27/05/2024,"System Entry Volume, Easington-Langeled, D+1",31.31,28/05/2024 12:01:01,L
26/05/2024 01:00:00,26/05/2024,"System Entry Volume, Easington-Langeled, D+1",20.52,27/05/2024 12:01:01,L
25/05/2024 01:00:00,25/05/2024,"System Entry Volume, Easington-Langeled, D+1",12.56,26/05/2024 12:01:00,L
24/05/2024 01:00:00,24/05/2024,"System Entry Volume, Easington-Langeled, D+1",24.073,25/05/2024 12:01:01,L
23/05/2024 01:00:00,23/05/2024,"System Entry Volume, Easington-Langeled, D+1",15.26,24/05/2024 12:01:01,L
22/05/2024 01:00:00,22/05/2024,"System Entry Volume, Easington-Langeled, D+1",44.86,23/05/2024 12:01:00,L
21/05/2024 01:00:00,21/05/2024,"System Entry Volume, Easington-Langeled, D+1",20.21,22/05/2024 12:01:01,L
20/05/2024 01:00:00,20/05/2024,"System Entry Volume, Easington-Langeled, D+1",56.68,21/05/2024 12:01:00,L
19/05/2024 01:00:00,19/05/2024,"System Entry Volume, Easington-Langeled, D+1",60.85,20/05/2024 12:01:00,L
18/05/2024 01:00:00,18/05/2024,"System Entry Volume, Easington-Langeled, D+1",57.56,19/05/2024 12:01:00,L
17/05/2024 01:00:00,17/05/2024,"System Entry Volume, Easington-Langeled, D+1",56.081,18/05/2024 12:01:00,L
16/05/2024 01:00:00,16/05/2024,"System Entry Volume, Easington-Langeled, D+1",60.88,17/05/2024 14:01:00,A
15/05/2024 01:00:00,15/05/2024,"System Entry Volume, Easington-Langeled, D+1",62.24,16/05/2024 16:01:00,A
14/05/2024 01:00:00,14/05/2024,"System Entry Volume, Easington-Langeled, D+1",63.93,15/05/2024 16:31:00,A
13/05/2024 01:00:00,13/05/2024,"System Entry Volume, Easington-Langeled, D+1",63.12,14/05/2024 14:01:00,A
12/05/2024 01:00:00,12/05/2024,"System Entry Volume, Easington-Langeled, D+1",46.86,13/05/2024 14:01:01,A
11/05/2024 01:00:00,11/05/2024,"System Entry Volume, Easington-Langeled, D+1",50.575,12/05/2024 12:01:00,L
10/05/2024 01:00:00,10/05/2024,"System Entry Volume, Easington-Langeled, D+1",44.854,11/05/2024 12:01:00,L
09/05/2024 01:00:00,09/05/2024,"System Entry Volume, Easington-Langeled, D+1",28.85,10/05/2024 12:01:01,L
08/05/2024 01:00:00,08/05/2024,"System Entry Volume, Easington-Langeled, D+1",27.29,09/05/2024 14:01:01,A
07/05/2024 01:00:00,07/05/2024,"System Entry Volume, Easington-Langeled, D+1",30.955,08/05/2024 12:01:01,L
06/05/2024 01:00:00,06/05/2024,"System Entry Volume, Easington-Langeled, D+1",28.57,07/05/2024 16:01:01,A
05/05/2024 01:00:00,05/05/2024,"System Entry Volume, Easington-Langeled, D+1",34.033,06/05/2024 12:01:01,L
04/05/2024 01:00:00,04/05/2024,"System Entry Volume, Easington-Langeled, D+1",26.279,05/05/2024 12:01:01,L
03/05/2024 01:00:00,03/05/2024,"System Entry Volume, Easington-Langeled, D+1",27.393,04/05/2024 12:01:01,L
02/05/2024 01:00:00,02/05/2024,"System Entry Volume, Easington-Langeled, D+1",18.8,03/05/2024 12:01:01,L
01/05/2024 01:00:00,01/05/2024,"System Entry Volume, Easington-Langeled, D+1",13.68,02/05/2024 12:01:01,L
30/04/2024 01:00:00,30/04/2024,"System Entry Volume, Easington-Langeled, D+1",7.65,01/05/2024 12:01:00,L
29/04/2024 01:00:00,29/04/2024,"System Entry Volume, Easington-Langeled, D+1",7.21,30/04/2024 12:01:00,L
28/04/2024 01:00:00,28/04/2024,"System Entry Volume, Easington-Langeled, D+1",16.1,29/04/2024 12:01:00,L
27/04/2024 01:00:00,27/04/2024,"System Entry Volume, Easington-Langeled, D+1",16.44,28/04/2024 12:01:01,L
26/04/2024 01:00:00,26/04/2024,"System Entry Volume, Easington-Langeled, D+1",28.51,27/04/2024 12:01:00,L
25/04/2024 01:00:00,25/04/2024,"System Entry Volume, Easington-Langeled, D+1",31.12,26/04/2024 12:01:01,L
24/04/2024 01:00:00,24/04/2024,"System Entry Volume, Easington-Langeled, D+1",49.65,25/04/2024 12:01:01,L
23/04/2024 01:00:00,23/04/2024,"System Entry Volume, Easington-Langeled, D+1",73.56,24/04/2024 12:01:01,L
22/04/2024 01:00:00,22/04/2024,"System Entry Volume, Easington-Langeled, D+1",72.61,23/04/2024 12:01:01,L
21/04/2024 01:00:00,21/04/2024,"System Entry Volume, Easington-Langeled, D+1",72.8,22/04/2024 12:01:00,L
20/04/2024 01:00:00,20/04/2024,"System Entry Volume, Easington-Langeled, D+1",72.93,21/04/2024 12:01:01,L
19/04/2024 01:00:00,19/04/2024,"System Entry Volume, Easington-Langeled, D+1",67.7,20/04/2024 12:01:01,L
18/04/2024 01:00:00,18/04/2024,"System Entry Volume, Easington-Langeled, D+1",66.84,19/04/2024 12:01:01,L
17/04/2024 01:00:00,17/04/2024,"System Entry Volume, Easington-Langeled, D+1",46.11,18/04/2024 12:01:01,L
16/04/2024 01:00:00,16/04/2024,"System Entry Volume, Easington-Langeled, D+1",47.78,17/04/2024 12:01:00,L
15/04/2024 01:00:00,15/04/2024,"System Entry Volume, Easington-Langeled, D+1",21.39,16/04/2024 12:01:01,L
14/04/2024 01:00:00,14/04/2024,"System Entry Volume, Easington-Langeled, D+1",51.08,15/04/2024 12:01:01,L
13/04/2024 01:00:00,13/04/2024,"System Entry Volume, Easington-Langeled, D+1",64.4,14/04/2024 14:01:00,L
12/04/2024 01:00:00,12/04/2024,"System Entry Volume, Easington-Langeled, D+1",73.12,13/04/2024 12:01:01,L
11/04/2024 01:00:00,11/04/2024,"System Entry Volume, Easington-Langeled, D+1",69.98,12/04/2024 12:01:00,L
10/04/2024 01:00:00,10/04/2024,"System Entry Volume, Easington-Langeled, D+1",73.39,11/04/2024 12:01:01,L
09/04/2024 01:00:00,09/04/2024,"System Entry Volume, Easington-Langeled, D+1",64.65,10/04/2024 12:01:00,L
08/04/2024 01:00:00,08/04/2024,"System Entry Volume, Easington-Langeled, D+1",66.21,09/04/2024 12:01:00,L
07/04/2024 01:00:00,07/04/2024,"System Entry Volume, Easington-Langeled, D+1",61.73,08/04/2024 12:01:01,L
06/04/2024 01:00:00,06/04/2024,"System Entry Volume, Easington-Langeled, D+1",72.37,07/04/2024 12:01:00,L
05/04/2024 01:00:00,05/04/2024,"System Entry Volume, Easington-Langeled, D+1",70.89,06/04/2024 12:01:00,L
04/04/2024 01:00:00,04/04/2024,"System Entry Volume, Easington-Langeled, D+1",73.08,05/04/2024 12:01:01,L
03/04/2024 01:00:00,03/04/2024,"System Entry Volume, Easington-Langeled, D+1",69.66,04/04/2024 12:01:01,L
02/04/2024 01:00:00,02/04/2024,"System Entry Volume, Easington-Langeled, D+1",72.19,03/04/2024 12:01:01,L
01/04/2024 01:00:00,01/04/2024,"System Entry Volume, Easington-Langeled, D+1",73,02/04/2024 12:01:01,L
31/03/2024 00:00:00,31/03/2024,"System Entry Volume, Easington-Langeled, D+1",72.08,01/04/2024 12:01:00,L
30/03/2024 00:00:00,30/03/2024,"System Entry Volume, Easington-Langeled, D+1",68.45,31/03/2024 12:01:00,L
29/03/2024 00:00:00,29/03/2024,"System Entry Volume, Easington-Langeled, D+1",68.33,30/03/2024 12:01:00,L
28/03/2024 00:00:00,28/03/2024,"System Entry Volume, Easington-Langeled, D+1",71.58,29/03/2024 12:01:01,L
27/03/2024 00:00:00,27/03/2024,"System Entry Volume, Easington-Langeled, D+1",59.05,28/03/2024 12:01:01,L
26/03/2024 00:00:00,26/03/2024,"System Entry Volume, Easington-Langeled, D+1",70.9,27/03/2024 12:01:00,L
25/03/2024 00:00:00,25/03/2024,"System Entry Volume, Easington-Langeled, D+1",73.5,26/03/2024 12:01:00,L
24/03/2024 00:00:00,24/03/2024,"System Entry Volume, Easington-Langeled, D+1",72.59,25/03/2024 12:01:01,L
23/03/2024 00:00:00,23/03/2024,"System Entry Volume, Easington-Langeled, D+1",73.33,24/03/2024 12:01:00,L
22/03/2024 00:00:00,22/03/2024,"System Entry Volume, Easington-Langeled, D+1",63.38,23/03/2024 12:01:01,L
21/03/2024 00:00:00,21/03/2024,"System Entry Volume, Easington-Langeled, D+1",63.47,22/03/2024 12:01:00,L
20/03/2024 00:00:00,20/03/2024,"System Entry Volume, Easington-Langeled, D+1",73.02,21/03/2024 12:01:01,L
19/03/2024 00:00:00,19/03/2024,"System Entry Volume, Easington-Langeled, D+1",72.54,20/03/2024 12:01:01,L
18/03/2024 00:00:00,18/03/2024,"System Entry Volume, Easington-Langeled, D+1",72.13,19/03/2024 12:01:01,L
17/03/2024 00:00:00,17/03/2024,"System Entry Volume, Easington-Langeled, D+1",59.97,18/03/2024 12:01:01,L
16/03/2024 00:00:00,16/03/2024,"System Entry Volume, Easington-Langeled, D+1",64.16,17/03/2024 12:01:00,L
15/03/2024 00:00:00,15/03/2024,"System Entry Volume, Easington-Langeled, D+1",68.69,16/03/2024 12:01:01,L
14/03/2024 00:00:00,14/03/2024,"System Entry Volume, Easington-Langeled, D+1",71.17,15/03/2024 12:01:00,L
13/03/2024 00:00:00,13/03/2024,"System Entry Volume, Easington-Langeled, D+1",70.35,14/03/2024 12:01:01,L
12/03/2024 00:00:00,12/03/2024,"System Entry Volume, Easington-Langeled, D+1",67.86,13/03/2024 12:01:01,L
11/03/2024 00:00:00,11/03/2024,"System Entry Volume, Easington-Langeled, D+1",71.24,12/03/2024 12:01:01,L
10/03/2024 00:00:00,10/03/2024,"System Entry Volume, Easington-Langeled, D+1",73.29,11/03/2024 12:01:01,L
09/03/2024 00:00:00,09/03/2024,"System Entry Volume, Easington-Langeled, D+1",73.22,10/03/2024 12:01:00,L
08/03/2024 00:00:00,08/03/2024,"System Entry Volume, Easington-Langeled, D+1",73.37,09/03/2024 12:01:01,L
07/03/2024 00:00:00,07/03/2024,"System Entry Volume, Easington-Langeled, D+1",72.02,08/03/2024 12:01:01,L
06/03/2024 00:00:00,06/03/2024,"System Entry Volume, Easington-Langeled, D+1",73.12,07/03/2024 12:01:01,L
05/03/2024 00:00:00,05/03/2024,"System Entry Volume, Easington-Langeled, D+1",72.66,06/03/2024 12:01:00,L
04/03/2024 00:00:00,04/03/2024,"System Entry Volume, Easington-Langeled, D+1",73.28,05/03/2024 12:01:00,L
03/03/2024 00:00:00,03/03/2024,"System Entry Volume, Easington-Langeled, D+1",73.19,04/03/2024 12:01:01,L
02/03/2024 00:00:00,02/03/2024,"System Entry Volume, Easington-Langeled, D+1",72.93,03/03/2024 12:01:01,L
01/03/2024 00:00:00,01/03/2024,"System Entry Volume, Easington-Langeled, D+1",72.55,02/03/2024 12:01:01,L
29/02/2024 00:00:00,29/02/2024,"System Entry Volume, Easington-Langeled, D+1",72.91,01/03/2024 12:01:01,L
28/02/2024 00:00:00,28/02/2024,"System Entry Volume, Easington-Langeled, D+1",71.36,29/02/2024 12:01:01,L
27/02/2024 00:00:00,27/02/2024,"System Entry Volume, Easington-Langeled, D+1",71.05,28/02/2024 12:01:00,L
26/02/2024 00:00:00,26/02/2024,"System Entry Volume, Easington-Langeled, D+1",72.94,27/02/2024 12:01:01,L
25/02/2024 00:00:00,25/02/2024,"System Entry Volume, Easington-Langeled, D+1",70.57,26/02/2024 12:01:01,L
24/02/2024 00:00:00,24/02/2024,"System Entry Volume, Easington-Langeled, D+1",73.12,25/02/2024 12:01:00,L
23/02/2024 00:00:00,23/02/2024,"System Entry Volume, Easington-Langeled, D+1",72.65,24/02/2024 12:01:01,L
22/02/2024 00:00:00,22/02/2024,"System Entry Volume, Easington-Langeled, D+1",70.13,23/02/2024 12:01:00,L
21/02/2024 00:00:00,21/02/2024,"System Entry Volume, Easington-Langeled, D+1",57.91,22/02/2024 12:01:01,L
20/02/2024 00:00:00,20/02/2024,"System Entry Volume, Easington-Langeled, D+1",68.75,21/02/2024 12:01:00,L
19/02/2024 00:00:00,19/02/2024,"System Entry Volume, Easington-Langeled, D+1",64.94,20/02/2024 12:01:01,L
18/02/2024 00:00:00,18/02/2024,"System Entry Volume, Easington-Langeled, D+1",68.41,19/02/2024 12:01:00,L
17/02/2024 00:00:00,17/02/2024,"System Entry Volume, Easington-Langeled, D+1",61.34,18/02/2024 12:01:00,L
16/02/2024 00:00:00,16/02/2024,"System Entry Volume, Easington-Langeled, D+1",50.52,17/02/2024 12:01:01,L
15/02/2024 00:00:00,15/02/2024,"System Entry Volume, Easington-Langeled, D+1",56.85,16/02/2024 12:01:01,L
14/02/2024 00:00:00,14/02/2024,"System Entry Volume, Easington-Langeled, D+1",66,15/02/2024 12:01:01,L
13/02/2024 00:00:00,13/02/2024,"System Entry Volume, Easington-Langeled, D+1",71.32,14/02/2024 12:01:01,L
12/02/2024 00:00:00,12/02/2024,"System Entry Volume, Easington-Langeled, D+1",70.664,13/02/2024 12:01:01,L
11/02/2024 00:00:00,11/02/2024,"System Entry Volume, Easington-Langeled, D+1",69.33,12/02/2024 12:01:00,L
10/02/2024 00:00:00,10/02/2024,"System Entry Volume, Easington-Langeled, D+1",72.86,11/02/2024 12:01:01,L
09/02/2024 00:00:00,09/02/2024,"System Entry Volume, Easington-Langeled, D+1",72.34,10/02/2024 12:01:01,L
08/02/2024 00:00:00,08/02/2024,"System Entry Volume, Easington-Langeled, D+1",69.23,09/02/2024 12:01:01,L
07/02/2024 00:00:00,07/02/2024,"System Entry Volume, Easington-Langeled, D+1",58.22,08/02/2024 12:01:01,L
06/02/2024 00:00:00,06/02/2024,"System Entry Volume, Easington-Langeled, D+1",52.51,07/02/2024 12:01:00,L
05/02/2024 00:00:00,05/02/2024,"System Entry Volume, Easington-Langeled, D+1",43.21,06/02/2024 12:01:01,L
04/02/2024 00:00:00,04/02/2024,"System Entry Volume, Easington-Langeled, D+1",36.4,05/02/2024 12:01:00,L
03/02/2024 00:00:00,03/02/2024,"System Entry Volume, Easington-Langeled, D+1",62.73,04/02/2024 12:01:00,L
02/02/2024 00:00:00,02/02/2024,"System Entry Volume, Easington-Langeled, D+1",69.51,03/02/2024 12:01:00,L
01/02/2024 00:00:00,01/02/2024,"System Entry Volume, Easington-Langeled, D+1",73.07,02/02/2024 12:01:00,L
31/01/2024 00:00:00,31/01/2024,"System Entry Volume, Easington-Langeled, D+1",64.06,01/02/2024 12:01:01,L
30/01/2024 00:00:00,30/01/2024,"System Entry Volume, Easington-Langeled, D+1",71.61,31/01/2024 12:01:00,L
29/01/2024 00:00:00,29/01/2024,"System Entry Volume, Easington-Langeled, D+1",70.34,30/01/2024 12:01:01,L
28/01/2024 00:00:00,28/01/2024,"System Entry Volume, Easington-Langeled, D+1",72.28,29/01/2024 12:01:01,L
27/01/2024 00:00:00,27/01/2024,"System Entry Volume, Easington-Langeled, D+1",71.27,28/01/2024 12:01:01,L
26/01/2024 00:00:00,26/01/2024,"System Entry Volume, Easington-Langeled, D+1",70.39,27/01/2024 12:01:01,L
25/01/2024 00:00:00,25/01/2024,"System Entry Volume, Easington-Langeled, D+1",70.12,26/01/2024 12:01:00,L
24/01/2024 00:00:00,24/01/2024,"System Entry Volume, Easington-Langeled, D+1",68.14,25/01/2024 12:01:00,L
23/01/2024 00:00:00,23/01/2024,"System Entry Volume, Easington-Langeled, D+1",68.59,24/01/2024 12:01:01,L
22/01/2024 00:00:00,22/01/2024,"System Entry Volume, Easington-Langeled, D+1",68.29,23/01/2024 12:01:00,L
21/01/2024 00:00:00,21/01/2024,"System Entry Volume, Easington-Langeled, D+1",73.36,22/01/2024 12:01:01,L
20/01/2024 00:00:00,20/01/2024,"System Entry Volume, Easington-Langeled, D+1",72.8,21/01/2024 12:01:00,L
19/01/2024 00:00:00,19/01/2024,"System Entry Volume, Easington-Langeled, D+1",72.7,20/01/2024 12:01:01,L
18/01/2024 00:00:00,18/01/2024,"System Entry Volume, Easington-Langeled, D+1",72.57,19/01/2024 12:01:00,L
17/01/2024 00:00:00,17/01/2024,"System Entry Volume, Easington-Langeled, D+1",72.55,18/01/2024 12:01:00,L
16/01/2024 00:00:00,16/01/2024,"System Entry Volume, Easington-Langeled, D+1",72.01,17/01/2024 12:01:01,L
15/01/2024 00:00:00,15/01/2024,"System Entry Volume, Easington-Langeled, D+1",71.86,16/01/2024 12:01:01,L
14/01/2024 00:00:00,14/01/2024,"System Entry Volume, Easington-Langeled, D+1",65.77,15/01/2024 12:01:01,L
13/01/2024 00:00:00,13/01/2024,"System Entry Volume, Easington-Langeled, D+1",72.7,14/01/2024 12:01:00,L
12/01/2024 00:00:00,12/01/2024,"System Entry Volume, Easington-Langeled, D+1",71.85,13/01/2024 12:01:00,L
11/01/2024 00:00:00,11/01/2024,"System Entry Volume, Easington-Langeled, D+1",72.67,12/01/2024 12:01:01,L
10/01/2024 00:00:00,10/01/2024,"System Entry Volume, Easington-Langeled, D+1",72.57,11/01/2024 12:01:00,L
09/01/2024 00:00:00,09/01/2024,"System Entry Volume, Easington-Langeled, D+1",72.66,10/01/2024 12:01:00,L
08/01/2024 00:00:00,08/01/2024,"System Entry Volume, Easington-Langeled, D+1",72.47,09/01/2024 12:01:00,L
07/01/2024 00:00:00,07/01/2024,"System Entry Volume, Easington-Langeled, D+1",72.53,08/01/2024 12:01:01,L
06/01/2024 00:00:00,06/01/2024,"System Entry Volume, Easington-Langeled, D+1",72.58,07/01/2024 12:01:01,L
05/01/2024 00:00:00,05/01/2024,"System Entry Volume, Easington-Langeled, D+1",72.72,06/01/2024 12:01:01,L
04/01/2024 00:00:00,04/01/2024,"System Entry Volume, Easington-Langeled, D+1",72.8,05/01/2024 12:01:01,L
03/01/2024 00:00:00,03/01/2024,"System Entry Volume, Easington-Langeled, D+1",72.5,04/01/2024 12:01:00,L
02/01/2024 00:00:00,02/01/2024,"System Entry Volume, Easington-Langeled, D+1",72.62,03/01/2024 12:01:00,L
01/01/2024 00:00:00,01/01/2024,"System Entry Volume, Easington-Langeled, D+1",72.58,02/01/2024 12:01:00,L
31/12/2023 00:00:00,31/12/2023,"System Entry Volume, Easington-Langeled, D+1",72.54,01/01/2024 12:01:01,L
30/12/2023 00:00:00,30/12/2023,"System Entry Volume, Easington-Langeled, D+1",72.59,31/12/2023 12:01:00,L
29/12/2023 00:00:00,29/12/2023,"System Entry Volume, Easington-Langeled, D+1",72.62,30/12/2023 12:01:00,L
28/12/2023 00:00:00,28/12/2023,"System Entry Volume, Easington-Langeled, D+1",72.49,29/12/2023 12:01:01,L
27/12/2023 00:00:00,27/12/2023,"System Entry Volume, Easington-Langeled, D+1",72.25,28/12/2023 12:01:00,L
26/12/2023 00:00:00,26/12/2023,"System Entry Volume, Easington-Langeled, D+1",72.37,27/12/2023 12:01:00,L
25/12/2023 00:00:00,25/12/2023,"System Entry Volume, Easington-Langeled, D+1",72.43,26/12/2023 12:01:01,L
24/12/2023 00:00:00,24/12/2023,"System Entry Volume, Easington-Langeled, D+1",72.5,25/12/2023 12:01:01,L
23/12/2023 00:00:00,23/12/2023,"System Entry Volume, Easington-Langeled, D+1",72.24,24/12/2023 12:01:00,L
22/12/2023 00:00:00,22/12/2023,"System Entry Volume, Easington-Langeled, D+1",72.35,23/12/2023 12:01:00,L
21/12/2023 00:00:00,21/12/2023,"System Entry Volume, Easington-Langeled, D+1",72.44,22/12/2023 12:01:01,L
20/12/2023 00:00:00,20/12/2023,"System Entry Volume, Easington-Langeled, D+1",71.98,21/12/2023 12:01:00,L
19/12/2023 00:00:00,19/12/2023,"System Entry Volume, Easington-Langeled, D+1",72.49,20/12/2023 12:01:00,L
18/12/2023 00:00:00,18/12/2023,"System Entry Volume, Easington-Langeled, D+1",72.46,19/12/2023 12:01:00,L
17/12/2023 00:00:00,17/12/2023,"System Entry Volume, Easington-Langeled, D+1",72.37,18/12/2023 12:01:01,L
16/12/2023 00:00:00,16/12/2023,"System Entry Volume, Easington-Langeled, D+1",72.4,17/12/2023 12:01:01,L
15/12/2023 00:00:00,15/12/2023,"System Entry Volume, Easington-Langeled, D+1",72.39,16/12/2023 12:01:00,L
14/12/2023 00:00:00,14/12/2023,"System Entry Volume, Easington-Langeled, D+1",72.19,15/12/2023 12:01:01,L
13/12/2023 00:00:00,13/12/2023,"System Entry Volume, Easington-Langeled, D+1",72.37,14/12/2023 12:01:00,L
12/12/2023 00:00:00,12/12/2023,"System Entry Volume, Easington-Langeled, D+1",72.39,13/12/2023 12:01:01,L
11/12/2023 00:00:00,11/12/2023,"System Entry Volume, Easington-Langeled, D+1",72.33,12/12/2023 12:01:00,L
10/12/2023 00:00:00,10/12/2023,"System Entry Volume, Easington-Langeled, D+1",72.05,11/12/2023 12:01:00,L
09/12/2023 00:00:00,09/12/2023,"System Entry Volume, Easington-Langeled, D+1",72.22,10/12/2023 12:01:01,L
08/12/2023 00:00:00,08/12/2023,"System Entry Volume, Easington-Langeled, D+1",72.09,09/12/2023 12:01:01,L
07/12/2023 00:00:00,07/12/2023,"System Entry Volume, Easington-Langeled, D+1",72.16,08/12/2023 12:01:00,L
06/12/2023 00:00:00,06/12/2023,"System Entry Volume, Easington-Langeled, D+1",72.23,07/12/2023 12:01:01,L
05/12/2023 00:00:00,05/12/2023,"System Entry Volume, Easington-Langeled, D+1",72.43,06/12/2023 12:01:00,L
04/12/2023 00:00:00,04/12/2023,"System Entry Volume, Easington-Langeled, D+1",71.94,05/12/2023 12:01:00,L
03/12/2023 00:00:00,03/12/2023,"System Entry Volume, Easington-Langeled, D+1",72.27,04/12/2023 12:01:01,L
02/12/2023 00:00:00,02/12/2023,"System Entry Volume, Easington-Langeled, D+1",72.19,03/12/2023 12:01:01,L
01/12/2023 00:00:00,01/12/2023,"System Entry Volume, Easington-Langeled, D+1",71.98,02/12/2023 12:01:01,L
30/11/2023 00:00:00,30/11/2023,"System Entry Volume, Easington-Langeled, D+1",72.13,01/12/2023 12:01:00,L
29/11/2023 00:00:00,29/11/2023,"System Entry Volume, Easington-Langeled, D+1",72.09,30/11/2023 12:01:00,L
28/11/2023 00:00:00,28/11/2023,"System Entry Volume, Easington-Langeled, D+1",68.84,29/11/2023 12:01:00,L
27/11/2023 00:00:00,27/11/2023,"System Entry Volume, Easington-Langeled, D+1",71.94,28/11/2023 12:01:01,L
26/11/2023 00:00:00,26/11/2023,"System Entry Volume, Easington-Langeled, D+1",72.1,27/11/2023 14:20:00,L
25/11/2023 00:00:00,25/11/2023,"System Entry Volume, Easington-Langeled, D+1",71.82,26/11/2023 12:01:00,L
24/11/2023 00:00:00,24/11/2023,"System Entry Volume, Easington-Langeled, D+1",71.57,25/11/2023 12:01:01,L
23/11/2023 00:00:00,23/11/2023,"System Entry Volume, Easington-Langeled, D+1",72.05,24/11/2023 12:01:01,L
22/11/2023 00:00:00,22/11/2023,"System Entry Volume, Easington-Langeled, D+1",72.07,23/11/2023 14:01:01,L
21/11/2023 00:00:00,21/11/2023,"System Entry Volume, Easington-Langeled, D+1",72.02,22/11/2023 12:01:00,L
20/11/2023 00:00:00,20/11/2023,"System Entry Volume, Easington-Langeled, D+1",72.04,21/11/2023 12:01:01,L
19/11/2023 00:00:00,19/11/2023,"System Entry Volume, Easington-Langeled, D+1",72.07,20/11/2023 12:01:00,L
18/11/2023 00:00:00,18/11/2023,"System Entry Volume, Easington-Langeled, D+1",71.99,19/11/2023 12:01:01,L
17/11/2023 00:00:00,17/11/2023,"System Entry Volume, Easington-Langeled, D+1",71.21,18/11/2023 12:01:01,L
16/11/2023 00:00:00,16/11/2023,"System Entry Volume, Easington-Langeled, D+1",70.33,17/11/2023 12:01:01,L
15/11/2023 00:00:00,15/11/2023,"System Entry Volume, Easington-Langeled, D+1",65.19,16/11/2023 12:01:01,L
14/11/2023 00:00:00,14/11/2023,"System Entry Volume, Easington-Langeled, D+1",65.27,15/11/2023 12:01:01,L
13/11/2023 00:00:00,13/11/2023,"System Entry Volume, Easington-Langeled, D+1",64.77,14/11/2023 12:01:01,L
12/11/2023 00:00:00,12/11/2023,"System Entry Volume, Easington-Langeled, D+1",70.4,13/11/2023 12:01:01,L
11/11/2023 00:00:00,11/11/2023,"System Entry Volume, Easington-Langeled, D+1",71.91,12/11/2023 12:01:00,L
10/11/2023 00:00:00,10/11/2023,"System Entry Volume, Easington-Langeled, D+1",72.08,11/11/2023 12:01:01,L
09/11/2023 00:00:00,09/11/2023,"System Entry Volume, Easington-Langeled, D+1",72.07,10/11/2023 12:01:01,L
08/11/2023 00:00:00,08/11/2023,"System Entry Volume, Easington-Langeled, D+1",72.27,09/11/2023 12:01:01,L
07/11/2023 00:00:00,07/11/2023,"System Entry Volume, Easington-Langeled, D+1",69.24,08/11/2023 12:01:00,L
06/11/2023 00:00:00,06/11/2023,"System Entry Volume, Easington-Langeled, D+1",70.15,07/11/2023 12:01:01,L
05/11/2023 00:00:00,05/11/2023,"System Entry Volume, Easington-Langeled, D+1",72.5,06/11/2023 12:01:00,L
04/11/2023 00:00:00,04/11/2023,"System Entry Volume, Easington-Langeled, D+1",72.77,05/11/2023 12:01:01,L
03/11/2023 00:00:00,03/11/2023,"System Entry Volume, Easington-Langeled, D+1",68.56,04/11/2023 12:01:00,L
02/11/2023 00:00:00,02/11/2023,"System Entry Volume, Easington-Langeled, D+1",72.18,03/11/2023 12:01:00,L
01/11/2023 00:00:00,01/11/2023,"System Entry Volume, Easington-Langeled, D+1",72.55,02/11/2023 12:01:01,L
31/10/2023 00:00:00,31/10/2023,"System Entry Volume, Easington-Langeled, D+1",71.5,01/11/2023 12:01:01,L
30/10/2023 00:00:00,30/10/2023,"System Entry Volume, Easington-Langeled, D+1",69.68,31/10/2023 12:01:01,L
29/10/2023 01:00:00,29/10/2023,"System Entry Volume, Easington-Langeled, D+1",67.19,30/10/2023 12:01:01,L
28/10/2023 01:00:00,28/10/2023,"System Entry Volume, Easington-Langeled, D+1",66.28,29/10/2023 12:01:01,L
27/10/2023 01:00:00,27/10/2023,"System Entry Volume, Easington-Langeled, D+1",64.99,28/10/2023 12:01:01,L
26/10/2023 01:00:00,26/10/2023,"System Entry Volume, Easington-Langeled, D+1",63.54,27/10/2023 12:01:00,L
25/10/2023 01:00:00,25/10/2023,"System Entry Volume, Easington-Langeled, D+1",48.27,26/10/2023 12:01:01,L
24/10/2023 01:00:00,24/10/2023,"System Entry Volume, Easington-Langeled, D+1",53.76,25/10/2023 12:01:01,L
23/10/2023 01:00:00,23/10/2023,"System Entry Volume, Easington-Langeled, D+1",57.57,24/10/2023 12:01:01,L
22/10/2023 01:00:00,22/10/2023,"System Entry Volume, Easington-Langeled, D+1",49.29,23/10/2023 12:01:00,L
21/10/2023 01:00:00,21/10/2023,"System Entry Volume, Easington-Langeled, D+1",51.86,22/10/2023 12:01:01,L
20/10/2023 01:00:00,20/10/2023,"System Entry Volume, Easington-Langeled, D+1",64.14,21/10/2023 12:01:00,L
19/10/2023 01:00:00,19/10/2023,"System Entry Volume, Easington-Langeled, D+1",54.81,20/10/2023 12:01:00,L
18/10/2023 01:00:00,18/10/2023,"System Entry Volume, Easington-Langeled, D+1",56.09,19/10/2023 12:01:00,L
17/10/2023 01:00:00,17/10/2023,"System Entry Volume, Easington-Langeled, D+1",46.73,18/10/2023 12:01:00,L
16/10/2023 01:00:00,16/10/2023,"System Entry Volume, Easington-Langeled, D+1",62.94,17/10/2023 12:01:00,L
15/10/2023 01:00:00,15/10/2023,"System Entry Volume, Easington-Langeled, D+1",66.96,16/10/2023 12:01:01,L
14/10/2023 01:00:00,14/10/2023,"System Entry Volume, Easington-Langeled, D+1",66.33,15/10/2023 12:01:01,L
13/10/2023 01:00:00,13/10/2023,"System Entry Volume, Easington-Langeled, D+1",61.38,14/10/2023 12:01:00,L
12/10/2023 01:00:00,12/10/2023,"System Entry Volume, Easington-Langeled, D+1",63.29,13/10/2023 15:01:00,L
11/10/2023 01:00:00,11/10/2023,"System Entry Volume, Easington-Langeled, D+1",50.36,12/10/2023 12:01:00,L
10/10/2023 01:00:00,10/10/2023,"System Entry Volume, Easington-Langeled, D+1",51.96,11/10/2023 12:01:00,L
09/10/2023 01:00:00,09/10/2023,"System Entry Volume, Easington-Langeled, D+1",28.18,10/10/2023 12:01:00,L
08/10/2023 01:00:00,08/10/2023,"System Entry Volume, Easington-Langeled, D+1",21.25,09/10/2023 12:01:01,L
07/10/2023 01:00:00,07/10/2023,"System Entry Volume, Easington-Langeled, D+1",32.95,08/10/2023 12:01:00,L
06/10/2023 01:00:00,06/10/2023,"System Entry Volume, Easington-Langeled, D+1",27.29,07/10/2023 12:01:00,L
05/10/2023 01:00:00,05/10/2023,"System Entry Volume, Easington-Langeled, D+1",30.04,06/10/2023 12:01:00,L
04/10/2023 01:00:00,04/10/2023,"System Entry Volume, Easington-Langeled, D+1",21.83,05/10/2023 12:01:00,L
03/10/2023 01:00:00,03/10/2023,"System Entry Volume, Easington-Langeled, D+1",37.56,04/10/2023 12:01:00,L
02/10/2023 01:00:00,02/10/2023,"System Entry Volume, Easington-Langeled, D+1",45.08,03/10/2023 12:01:01,L
01/10/2023 01:00:00,01/10/2023,"System Entry Volume, Easington-Langeled, D+1",41.08,02/10/2023 14:01:01,A